Date;Composite_HPI_SA;Single_Family_HPI_SA;One_Storey_HPI_SA;Two_Storey_HPI_SA;Townhouse_HPI_SA;Apartment_HPI_SA;Composite_Benchmark_SA;Single_Family_Benchmark_SA;One_Storey_Benchmark_SA;Two_Storey_Benchmark_SA;Townhouse_Benchmark_SA;Apartment_Benchmark_SA
Jan 2005;100;100;100;100;100;100;333400;463100;362900;536800;264900;202700
Feb 2005;100,4;100,2;100,6;100,1;100,4;100,7;334600;464200;364900;537200;265900;204200
Mar 2005;100,8;100,4;101;100,1;100,7;102;336100;464800;366500;537400;266700;206800
Apr 2005;101,1;100,6;101,3;100,3;101,2;102,7;337000;465800;367500;538300;268200;208100
May 2005;101,5;100,8;101,7;100,5;101,7;103,5;338400;466900;368900;539300;269300;209700
Jun 2005;102,1;101,1;101,9;100,7;102;105;340400;468200;369800;540700;270100;212900
Jul 2005;103,5;102,6;103,8;102,2;103,7;106,3;345200;475300;376700;548700;274700;215500
Aug 2005;105;104,2;105,5;103,7;105,2;107,2;350100;482400;382700;556800;278700;217300
Sep 2005;107;105,7;107,1;105,2;106,6;111,6;356600;489500;388600;564600;282500;226200
Oct 2005;108,5;107,4;108,6;106,9;107,9;112,7;361900;497200;394100;573700;285800;228400
Nov 2005;110,2;109;110,1;108,6;109,1;114,2;367300;505000;399500;582900;289000;231400
Dec 2005;111,8;110,7;111,6;110,3;110,3;115,8;372700;512600;404900;592100;292300;234700
Jan 2006;113,6;112,3;113,3;111,8;112,2;118,2;378700;520200;411300;600400;297100;239600
Feb 2006;115,3;113,8;114,9;113,3;114;120,4;384500;527200;417100;608400;301900;244100
Mar 2006;116,9;115,3;116,5;114,8;115,9;122,2;389600;534000;422900;616200;306900;247700
Apr 2006;118,7;117;118,2;116,5;117,4;124,2;395700;541900;429100;625300;311100;251700
May 2006;120,5;118,8;120;118,3;119,4;126,3;401800;550000;435400;634900;316200;256000
Jun 2006;122,3;120,7;121,6;120,2;121,1;127,9;407900;558800;441200;645200;320900;259300
Jul 2006;124;122,1;123,1;121,8;122,8;129,9;413300;565600;446900;653800;325200;263300
Aug 2006;125,5;123,6;124,5;123,4;124,2;131,7;418400;572500;451700;662400;328900;267000
Sep 2006;126,8;125,1;125,7;125;125,6;133,1;422700;579300;456200;671000;332800;269800
Oct 2006;128;126,1;126,9;125,9;127;134,2;426600;584200;460500;675900;336300;272000
Nov 2006;129;127,2;128,3;126,8;128,4;134,9;430100;589200;465500;680600;340000;273400
Dec 2006;129,9;128,2;129,4;127,6;129,7;134,9;433100;593800;469700;685200;343600;273400
Jan 2007;131;129,3;130,4;128,7;130,5;136,5;436900;598700;473300;691000;345700;276600
Feb 2007;132,2;130,3;131,2;129,8;131,2;138,2;440600;603200;476100;696800;347500;280200
Mar 2007;133,1;131,1;132,1;130,7;131,9;139,7;443600;607100;479300;701800;349300;283200
Apr 2007;134,4;132,4;133,1;132,1;132,8;141;448000;613000;483200;709300;351800;285800
May 2007;135,5;133,7;134,2;133,6;133,8;142,3;451900;619100;487000;717100;354400;288400
Jun 2007;137,1;135,3;135,2;135,3;134,7;143,5;457000;626700;490800;726500;356900;290900
Jul 2007;138,4;136,5;136,6;136,6;135,9;145,3;461400;632300;495700;733400;360000;294600
Aug 2007;139,8;137,8;137,8;138;136,9;147,2;466000;638200;500000;740700;362700;298400
Sep 2007;140,9;139,1;138,9;139,3;138,1;148,9;469900;644000;504000;747800;365700;301800
Oct 2007;142,6;140,6;140,1;141;139,3;150,4;475400;651200;508600;756700;369100;304900
Nov 2007;144,2;142;141,2;142,6;140,8;152,9;480900;657800;512300;765500;372900;310000
Dec 2007;146;143,5;142,4;144,2;142,1;155,3;486700;664600;516600;773800;376400;314700
Jan 2008;146,8;144,4;143,1;145;143,3;156,3;489300;668900;519400;778600;379500;316800
Feb 2008;147,4;145,5;144;146,1;144,4;156;491400;673700;522500;784300;382600;316300
Mar 2008;148,1;146,3;144,6;146,9;145,3;156,4;493700;677300;524600;788700;385000;317000
Apr 2008;147,5;145,6;144;146,3;145,4;156,3;491800;674200;522500;785100;385100;316800
May 2008;146,9;145,3;143,8;145,8;145,3;155,2;489900;672800;522000;782400;384800;314600
Jun 2008;146,7;145,3;143,5;145,7;145,2;154,3;489000;673100;520800;782000;384700;312700
Jul 2008;144,7;143,3;141,8;143,6;144,2;152,7;482500;663600;514700;771000;381900;309500
Aug 2008;143;141,4;139,8;141,7;143,1;151,3;476600;655000;507500;760800;379100;306700
Sep 2008;141,2;139,7;137,9;140;142,4;150,1;470900;646900;500400;751400;377100;304200
Oct 2008;138,5;137,4;135,5;137,7;139,6;146,5;461900;636400;491900;739200;369900;296900
Nov 2008;135,9;135,2;133,2;135,5;137,3;142,5;453200;626000;483400;727100;363800;288900
Dec 2008;133,5;132,9;131,1;133,1;135;139,4;445200;615500;475700;714400;357600;282500
Jan 2009;132,2;131,5;129,4;131,7;133,9;138,4;440800;608800;469700;706900;354600;280500
Feb 2009;130,7;129,9;127,9;130,1;132,6;137,3;435900;601600;464000;698200;351200;278300
Mar 2009;129,3;128,3;126,3;128,5;131,4;136,5;431000;594300;458200;689700;348000;276700
Apr 2009;130,3;129,5;126,6;129,8;131,6;137,8;434300;599600;459600;696800;348600;279400
May 2009;131,6;130,8;127,3;131,2;132,3;140,2;438900;605800;461900;704200;350500;284100
Jun 2009;133,4;132,5;128,1;132,9;133,2;143,1;444800;613400;464700;713200;352900;290000
Jul 2009;136,3;135,5;131;135,7;135,3;146,1;454400;627300;475400;728700;358400;296100
Aug 2009;139,3;138,8;133,9;139;137,5;148,3;464300;642700;485800;746000;364300;300600
Sep 2009;142,4;142,1;136,6;142,4;140,1;151,4;474700;658200;495600;764200;371200;306800
Oct 2009;144,9;144,9;139;145,2;142,1;153,8;483200;671100;504500;779600;376500;311800
Nov 2009;147,5;147,7;141,4;148;144,2;156,2;491800;683800;513300;794200;382100;316600
Dec 2009;149,9;150,3;143,8;150,7;146,2;158,4;499800;696200;522000;808700;387300;321100
Jan 2010;151,7;152,6;145,8;152,9;147,6;159,2;505800;706900;529200;821000;391100;322600
Feb 2010;152,5;153,6;146,8;153,7;148,5;159,4;508300;711300;532800;825100;393300;323100
Mar 2010;154;155,4;148,2;155,5;149,5;160;513300;719700;537800;834800;395900;324400
Apr 2010;154,6;156,1;148,4;156,3;150,2;160,4;515300;722900;538700;839100;398000;325100
May 2010;154,5;156,3;148,3;156,5;150,2;159,7;515200;723900;538300;840300;397900;323700
Jun 2010;154;155,8;147,2;156,1;150,2;158,6;513300;721300;534300;837700;397900;321500
Jul 2010;153,4;155,5;146,8;155,9;150;157,1;511400;720100;532700;836800;397300;318400
Aug 2010;153,4;155,6;146,6;156;149,1;157,2;511500;720600;531900;837200;394900;318600
Sep 2010;153,7;156,1;147,1;156,2;148,7;157,7;512500;722700;533700;838700;393900;319700
Oct 2010;155,1;157,5;147,9;157,6;148,9;158,9;517000;729200;536800;846200;394400;322100
Nov 2010;156,7;159,3;148,9;159,5;149,6;160;522500;737600;540500;856200;396200;324400
Dec 2010;158,8;161,8;149,9;162,4;150,7;161,4;529500;749100;544100;871900;399300;327200
Jan 2011;161,1;164,6;151,2;165,6;151,6;162,2;537000;762100;548700;888700;401500;328800
Feb 2011;164,1;168,5;154,1;169,4;152,7;163,7;547100;780100;559100;909400;404400;331800
Mar 2011;166;170,7;155,7;171,8;153,1;164,6;553300;790300;564900;922000;405600;333600
Apr 2011;168,4;173,9;157,9;174,9;153,8;164,2;561500;805100;572900;939000;407500;332900
May 2011;171;177,1;160,2;178,4;154,5;164,6;570100;820300;581500;957500;409300;333700
Jun 2011;172,8;179,7;162,4;181;154,5;164,9;576100;832300;589300;971800;409400;334200
Jul 2011;174,7;182,1;164,3;183,6;155,8;165,1;582300;843100;596200;985500;412600;334600
Aug 2011;176,3;183,9;165,2;185,6;156,9;165;587900;851700;599500;996400;415700;334400
Sep 2011;176,6;184,2;165,7;185,7;157,1;164,9;588700;852800;601300;996900;416100;334300
Oct 2011;177,5;185,4;166,7;187;157,5;164,7;591800;858500;605100;1003600;417100;333900
Nov 2011;178,4;186,3;168,3;187,5;157,2;166;594700;862800;610600;1006500;416500;336500
Dec 2011;178,5;186,4;168,5;187,6;156,2;166,7;595000;863400;611500;1007000;413800;337800
Jan 2012;178,5;186,5;169;187,5;155,8;166,6;595000;863500;613200;1006300;412700;337600
Feb 2012;179,7;188,6;169,4;190,1;156,1;166;599000;873300;614700;1020200;413600;336400
Mar 2012;179,7;188,2;170,1;189,1;156,9;166,2;599100;871400;617200;1015300;415500;336800
Apr 2012;179,5;187,6;170,8;188,2;157,2;166;598300;868600;619700;1010300;416400;336400
May 2012;178;185,8;170,5;186,2;156,2;165,2;593500;860500;618800;999400;413800;334900
Jun 2012;177,1;184,6;170,2;184,7;155,7;164,6;590400;854900;617700;991300;412500;333700
Jul 2012;175,3;182,8;169,2;182,9;154,3;163,1;584300;846600;613900;982000;408800;330600
Aug 2012;175,2;182,7;168,7;183;153,6;163,3;584000;846100;612100;982300;406800;331100
Sep 2012;175;182,9;168,5;183,3;153,1;162,4;583500;846900;611600;984000;405600;329100
Oct 2012;175;182,3;168,5;182,5;153,1;162,7;583300;844200;611400;979700;405500;329700
Nov 2012;174,3;181,6;166,3;182,3;153,3;161,5;581200;840900;603500;978800;406000;327300
Dec 2012;174,2;180,9;165,7;181,7;153,8;161,7;580700;837900;601500;975100;407400;327800
Jan 2013;173,4;179,9;165,1;180,5;154;161,1;578200;833100;599200;969100;408000;326600
Feb 2013;174;180,5;164,2;181,6;154,7;162,3;580100;835900;596000;975000;409800;329000
Mar 2013;173,2;179,5;164,8;180;153;161,7;577300;831300;598100;966300;405200;327800
Apr 2013;173,3;180,2;164,2;181,1;151,9;161,5;577700;834300;596000;972300;402300;327400
May 2013;173,6;180,2;164,1;181,1;152,6;161,8;578800;834400;595500;972400;404300;327900
Jun 2013;174,1;180,8;164,3;181,9;152,4;162,4;580500;837100;596100;976400;403800;329100
Jul 2013;175,1;181,6;165,6;182,6;153,1;163,8;583900;841000;601000;980400;405600;332100
Aug 2013;176,4;183;167,4;183,6;153,6;164,3;588100;847600;607400;985600;407000;333100
Sep 2013;177,9;184,5;168,9;184,9;154,1;165,8;593000;854400;612900;992400;408200;336000
Oct 2013;178,9;186,5;170,3;186,7;154,5;164,7;596500;863600;618200;1002400;409300;333800
Nov 2013;180,5;188,3;171,8;188,5;155,1;166,1;601700;871800;623300;1011800;410800;336600
Dec 2013;181,5;189,9;173,7;190;155,8;165,5;605000;879500;630300;1019800;412600;335500
Jan 2014;182,3;191;175,2;191,1;155,9;166,7;607800;884500;635900;1025700;413100;338000
Feb 2014;181,8;190;173,1;190,4;156,6;167;606100;880100;628200;1022000;414800;338600
Mar 2014;181,6;190;172,3;190,5;156,2;166,6;605400;879700;625100;1022600;413800;337600
Apr 2014;181,2;189,4;172,1;189,9;156,1;166,5;604000;877300;624600;1019600;413500;337500
May 2014;181,1;189,4;172,1;189,9;156,3;167,4;603900;876900;624600;1019300;414000;339300
Jun 2014;181,4;190,1;172,7;190,5;156,6;166,7;604900;880200;626700;1022600;414800;338000
Jul 2014;182,2;191,1;173,2;191,7;156,9;167,2;607400;885200;628400;1029000;415700;339000
Aug 2014;183,3;192,1;174,1;192,4;157,6;168,8;611200;889500;631800;1032600;417600;342200
Sep 2014;185,5;194,9;175,5;195,5;158,6;169,4;618400;902600;636900;1049200;420100;343300
Oct 2014;187,8;197,5;177,3;197,6;159,3;171,6;626000;914400;643600;1060900;422100;347900
Nov 2014;189,9;200,1;179,3;200,3;160,3;172,8;633100;926800;650600;1075000;424600;350200
Dec 2014;191,5;202,7;181,3;203;160,9;173;638400;938600;658000;1089600;426300;350700
Jan 2015;193,4;205,6;184,3;205,8;162,3;173,1;644900;952000;668800;1104700;430000;350900
Feb 2015;194,9;207,6;186,2;207,3;163;173,2;649800;961500;675700;1113000;431800;351000
Mar 2015;197,3;210,4;187,4;210,3;164,1;174,8;657900;974400;680000;1128800;434700;354400
Apr 2015;199,3;212,7;189,1;212,5;165;175,9;664600;984900;686400;1140600;437000;356600
May 2015;202,3;216,6;191,1;216,8;165,5;176,9;674600;1003300;693400;1164000;438400;358500
Jun 2015;205,8;220,7;194,2;220,8;166,7;178,1;686200;1022200;704900;1185400;441700;361100
Jul 2015;209,4;225,1;198,6;225;167,8;180,1;698100;1042500;720600;1207800;444600;365100
Aug 2015;213,5;230,5;203,5;230,2;169,3;181,9;711900;1067500;738500;1235800;448600;368800
Sep 2015;217,6;235;209;234,4;171,7;185,4;725400;1088500;758500;1258000;454900;375800
Oct 2015;222,8;241,4;213,9;240,3;175,1;188,2;742700;1117800;776200;1290000;463800;381500
Nov 2015;227,5;247,1;220,6;245,5;177,5;191;758400;1144300;800600;1317600;470300;387100
Dec 2015;232;253;226,1;251,5;180,7;193,6;773400;1171600;820400;1350000;478700;392500
Jan 2016;238,5;261,5;236,2;259,1;183,7;197,2;795300;1210800;857300;1390900;486700;399800
Feb 2016;248,4;273,2;246,2;270,5;188,5;202,1;828100;1265300;893400;1452300;499300;409700
Mar 2016;255,4;281,5;254,4;278,7;193,9;205,4;851500;1303600;923100;1495800;513700;416300
Apr 2016;261,7;288,4;260;286;199,6;210,4;872400;1335400;943400;1535300;528700;426400
May 2016;266,9;294;264,7;291,9;205,4;214,4;889900;1361300;960700;1566800;544100;434600
Jun 2016;271;298;267,9;296,2;210,6;220,5;903400;1380000;972300;1590100;557900;447000
Jul 2016;273,9;301,4;269,4;300,4;214,1;224,6;913200;1395900;977500;1612700;567100;455300
Aug 2016;273,5;300,9;268;300,6;218,2;224,8;912000;1393500;972500;1613400;577900;455600
Sep 2016;272;298,5;264,3;299,1;218,7;227,4;907000;1382400;959200;1605700;579400;461000
Oct 2016;267,3;292,2;263,3;290,6;218,9;226,7;891300;1353400;955500;1559700;579800;459500
Nov 2016;265,8;289,4;261,3;288;221,1;228,7;886200;1340200;948400;1545900;585800;463500
Dec 2016;264,2;286,7;259,2;285,7;222,5;231,8;880900;1327800;940800;1533500;589400;469800
Jan 2017;263,6;285,2;257,3;284,6;226;234,9;878900;1320900;933800;1527700;598700;476200
Feb 2017;264,8;286,1;257,9;285,6;228,3;238,8;882700;1325100;935900;1532900;604700;484000
Mar 2017;266,5;288,2;261,3;287;230;243,5;888400;1334500;948200;1540700;609200;493500
Apr 2017;270,5;292,2;266,1;290,8;232,7;249,4;901800;1353200;965500;1560900;616300;505500
May 2017;274,9;297,1;271,2;295,4;236,5;255,4;916400;1376000;984200;1585500;626400;517600
Jun 2017;277,7;299,7;274,6;297,9;240,2;261,1;925800;1388100;996500;1598900;636400;529200
Jul 2017;279,8;301,8;278,1;299,6;244,7;264,9;932800;1397800;1009400;1608300;648300;537000
Aug 2017;280,8;302;280,3;299,3;249;270,4;936100;1398600;1017100;1606700;659600;548100
Sep 2017;281,9;303,1;282,9;300,1;251,8;273,2;939900;1403500;1026500;1610900;666900;553800
Oct 2017;283,5;303,7;283,6;300;255,7;279,1;945300;1406600;1029200;1610200;677300;565800
Nov 2017;285;305,1;284,8;302;258,6;282,6;950200;1413100;1033600;1621000;685100;572900
Dec 2017;286;305,4;286,4;302,1;261,5;287,6;953500;1414200;1039500;1621500;692800;582900
Jan 2018;286;304,6;288,6;300,4;263,3;291,8;953500;1410800;1047500;1612300;697600;591400
Feb 2018;283,7;300,4;285,8;296,2;266,2;293,2;945900;1391300;1037100;1589800;705100;594300
Mar 2018;281,3;295,8;282,4;291,4;268,8;295,7;938000;1370000;1025000;1564500;712100;599300
Apr 2018;278,9;293,2;281,3;288,5;269,6;295,6;929700;1358000;1020900;1548900;714200;599200
May 2018;276,7;290,6;280,1;285,2;269;295,8;922400;1345800;1016600;1531000;712500;599600
Jun 2018;275,1;289,9;277,8;285,4;268,3;294,3;917100;1342600;1008100;1532100;710800;596500
Jul 2018;273,2;287,7;275,9;283,4;267,3;295,2;910800;1332500;1001200;1521100;708200;598300
Aug 2018;270,9;286,5;274,1;282,5;266,1;292,1;903200;1326700;994800;1516500;704900;592100
Sep 2018;268,4;284,1;273,8;279,5;265,3;289,5;894800;1315700;993800;1500400;702800;586900
Oct 2018;266,9;283,3;272,1;278,3;264,4;288,5;889900;1311800;987600;1493900;700500;584800
Nov 2018;263;280,2;270,5;275,2;263;282,6;877000;1297800;981700;1477300;696600;572900
Dec 2018;260,3;276,9;264,3;273,2;260;283,2;867700;1282200;959200;1466600;688800;574100
Jan 2019;254,6;271;259,5;267,4;257,4;279,2;848800;1254900;941700;1435500;681800;565900
Feb 2019;250;267,2;254,3;264,5;253,3;275,6;833500;1237400;922900;1419800;671000;558600
Mar 2019;245,6;264,1;252,5;260,8;249,6;271,7;818900;1223000;916300;1400100;661300;550700
Apr 2019;243,2;262;251,3;258,3;249,5;269,1;810700;1213400;912000;1386600;660900;545400
May 2019;240,7;260,4;251,4;255,8;248,9;266,1;802600;1205900;912200;1373200;659400;539400
Jun 2019;240,4;260,6;253;255,4;248,2;265,4;801500;1206900;918200;1371100;657600;537900
Jul 2019;240,6;260,8;253,2;255,3;248,6;265,6;802300;1207600;918700;1370700;658500;538400
Aug 2019;242,5;262,9;254,9;257,1;250,5;267;808400;1217500;925200;1380300;663600;541200
Sep 2019;244,6;265,4;256,7;259,6;251,5;269,4;815400;1229100;931600;1393700;666100;546100
Oct 2019;246,9;269,1;260,2;262,7;252,9;270,8;823100;1246200;944300;1410100;669900;549000
Nov 2019;249;270,5;261,4;263,9;254,6;273,9;830100;1252600;948800;1416500;674400;555200
Dec 2019;250,6;272,4;263,1;265,4;257,4;275,9;835500;1261500;954900;1424500;681800;559200
Jan 2020;251,7;273,5;262,1;267,3;260,1;277;839200;1266500;951200;1434600;689100;561400
Feb 2020;251,7;272,9;262,7;265,9;257;279,3;839300;1263900;953400;1427300;680900;566200
Mar 2020;250;272,2;261,2;265,3;255,3;276;833400;1260600;947800;1423900;676200;559400
Apr 2020;248,7;271,5;261;264,5;252,5;274,2;829000;1257300;947000;1420100;669000;555800
May 2020;248,9;272,1;261,3;265,3;252,8;274,2;829900;1260100;948400;1424000;669700;555800
Jun 2020;250,8;274,5;265,4;266,9;255,2;274,8;836300;1271300;963300;1432800;675900;557100
Jul 2020;254,9;280,4;272,9;271,6;258,8;275,7;850000;1298400;990500;1458200;685500;558900
Aug 2020;259,8;285,8;279,3;276,2;261,9;279,4;866100;1323400;1013500;1482700;693700;566300
Sep 2020;263,9;291;285;280,7;265,3;281,4;879700;1347500;1034400;1507000;702800;570400
Oct 2020;266,9;294,6;289,1;283,7;268,3;282,1;890000;1364100;1049200;1522900;710800;571800
Nov 2020;270,9;300,2;295,9;288,3;270,1;283,5;903100;1390000;1073800;1547800;715400;574600
Dec 2020;274;305;301,2;292,3;272,2;285;913500;1412500;1093000;1569100;721000;577700
Jan 2021;277,7;310,9;308,5;297,6;273,8;286,5;925800;1440000;1119600;1597700;725200;580800
Feb 2021;283,7;319,4;319;304,4;278,7;289;945800;1479100;1157500;1633800;738200;585800
Mar 2021;293,1;330,9;330,9;314,7;286,9;293,5;977300;1532600;1200900;1689100;759900;595000
Apr 2021;299,1;336,3;336,9;320;296;299,3;997300;1557300;1222700;1717800;784200;606600
May 2021;303,1;340,9;342,2;324,4;300,8;299,6;1010400;1578800;1242000;1741400;796900;607200
Jun 2021;305,2;342,1;344,5;325,5;305,7;302,3;1017600;1584100;1250100;1747100;809800;612800
Jul 2021;306,8;343,3;347,6;326,2;309,1;304,2;1023000;1589800;1261300;1751000;818800;616600
Aug 2021;311,8;349,8;356,1;331,6;315,2;307,8;1039500;1619900;1292200;1780100;834900;624000
Sep 2021;318;357,7;364,7;338,8;322,5;312,7;1060100;1656600;1323500;1818500;854400;633900
Oct 2021;324,4;366,2;374,2;346,3;329,4;317,3;1081600;1695900;1358000;1859000;872600;643200
Nov 2021;332,3;376,2;389,4;354,2;340,2;322,3;1107900;1742400;1413300;1901300;901300;653400
Dec 2021;340,6;386,9;400,1;363,7;350,2;328,6;1135500;1791800;1451900;1952400;927800;666100
Jan 2022;352,5;401,7;423,4;375,2;364,8;337,6;1175300;1860100;1536700;2014300;966300;684400
Feb 2022;362,7;413,2;431,3;386,9;376,7;347,2;1209100;1913500;1565300;2076900;997800;703700
Mar 2022;365,5;415,6;430,5;389,5;383,5;352,3;1218700;1924500;1562300;2091100;1016000;714200
Apr 2022;362,4;410,7;424,8;385,8;382,6;352,3;1208300;1902100;1541500;2070800;1013400;714200
May 2022;359,3;406,2;417;382,6;378,7;352,8;1197800;1881200;1513300;2053700;1003200;715100
Jun 2022;352,8;398,9;406;377;371,9;348,7;1176200;1847400;1473400;2023500;985100;706800
Jul 2022;346,4;390;393,8;369,7;367,5;345,4;1155000;1806000;1429100;1984300;973400;700100
Aug 2022;339,3;381;382;362,2;360,6;340,7;1131300;1764600;1386400;1944400;955100;690700
Sep 2022;333,2;372,5;373,7;353,9;355,8;337,5;1111000;1725000;1356100;1900000;942500;684200
Oct 2022;331,4;369,9;368,7;352,1;353,5;337,3;1104900;1712900;1338100;1889900;936400;683800
Nov 2022;327,5;364,5;361,9;347,6;350,4;335,6;1091900;1687800;1313500;1865900;928300;680200
Dec 2022;323,8;359,3;353,8;343,5;348;333,8;1079600;1663700;1283800;1843800;921800;676600
Jan 2023;320,4;353,5;347,9;338,6;346,4;333,3;1068300;1637200;1262600;1817700;917600;675700
Feb 2023;319,3;352,7;346,3;337,8;345,5;332,8;1064600;1633300;1256900;1813200;915100;674600
Mar 2023;319;353,8;345;338,9;344,6;332,2;1063400;1638600;1252000;1819400;912800;673300
Apr 2023;325,3;362,2;355,7;346,3;351,2;338,2;1084600;1677300;1291000;1859000;930300;685500
May 2023;330,7;370,2;364,9;353,1;352,8;342,1;1102700;1714200;1324100;1895500;934500;693400
Jun 2023;337,8;379,7;376;361,4;360,7;347,6;1126300;1758600;1364400;1939800;955500;704600
Jul 2023;342,7;387,4;384,2;368,4;365,1;351,9;1142700;1793900;1394100;1977800;967200;713400
Aug 2023;345,1;391,8;388,8;372,6;369,1;354,8;1150700;1814400;1410900;1999900;977800;719100
Sep 2023;345,7;393,3;390,3;374;371,3;355,1;1152600;1821500;1416400;2007600;983500;719700
Oct 2023;344,1;391;388,2;371,6;372,2;356,8;1147300;1810600;1408600;1994900;985900;723200
Nov 2023;342,5;390;384,8;371,9;371,3;356,1;1142000;1806000;1396400;1996400;983500;721900
Dec 2023;339,6;387,8;383,9;369,4;368,8;353,2;1132300;1795900;1393300;1983200;976900;716000
Jan 2024;335,4;383;382,9;364,7;365,6;348,9;1118300;1773800;1389600;1957600;968600;707300
;;;;;;;;;;;;
;;;;;;;;;;;;
;;;;;;;;;;;;
;;;;;;;;;;;;
;;;;;;;;;;;;
;;;;;;;;;;;;
;;;;;;;;;;;;
;;;;;;;;;;;;
;;;;;;;;;;;;
;;;;;;;;;;;;
;;;;;;;;;;;;
;;;;;;;;;;;;
;;;;;;;;;;;;
;;;;;;;;;;;;
;;;;;;;;;;;;
;;;;;;;;;;;;
;;;;;;;;;;;;
;;;;;;;;;;;;
;;;;;;;;;;;;
;;;;;;;;;;;;
;;;;;;;;;;;;
;;;;;;;;;;;;
;;;;;;;;;;;;
;;;;;;;;;;;;
;;;;;;;;;;;;
;;;;;;;;;;;;
;;;;;;;;;;;;
;;;;;;;;;;;;
;;;;;;;;;;;;
;;;;;;;;;;;;
;;;;;;;;;;;;
;;;;;;;;;;;;
;;;;;;;;;;;;
;;;;;;;;;;;;
;;;;;;;;;;;;
;;;;;;;;;;;;
;;;;;;;;;;;;
;;;;;;;;;;;;
;;;;;;;;;;;;
;;;;;;;;;;;;
;;;;;;;;;;;;
;;;;;;;;;;;;
;;;;;;;;;;;;
;;;;;;;;;;;;
;;;;;;;;;;;;
;;;;;;;;;;;;
;;;;;;;;;;;;
;;;;;;;;;;;;
;;;;;;;;;;;;
;;;;;;;;;;;;
;;;;;;;;;;;;
;;;;;;;;;;;;
;;;;;;;;;;;;
;;;;;;;;;;;;
;;;;;;;;;;;;
;;;;;;;;;;;;
;;;;;;;;;;;;
;;;;;;;;;;;;
;;;;;;;;;;;;
;;;;;;;;;;;;
;;;;;;;;;;;;
;;;;;;;;;;;;
;;;;;;;;;;;;
;;;;;;;;;;;;
;;;;;;;;;;;;
;;;;;;;;;;;;
;;;;;;;;;;;;
;;;;;;;;;;;;
;;;;;;;;;;;;
;;;;;;;;;;;;
;;;;;;;;;;;;
;;;;;;;;;;;;
;;;;;;;;;;;;
;;;;;;;;;;;;
;;;;;;;;;;;;
;;;;;;;;;;;;
;;;;;;;;;;;;
;;;;;;;;;;;;
;;;;;;;;;;;;
;;;;;;;;;;;;
;;;;;;;;;;;;
;;;;;;;;;;;;
;;;;;;;;;;;;
;;;;;;;;;;;;
;;;;;;;;;;;;
;;;;;;;;;;;;
;;;;;;;;;;;;
;;;;;;;;;;;;
;;;;;;;;;;;;
;;;;;;;;;;;;
;;;;;;;;;;;;
;;;;;;;;;;;;
;;;;;;;;;;;;
;;;;;;;;;;;;
;;;;;;;;;;;;
;;;;;;;;;;;;
;;;;;;;;;;;;
;;;;;;;;;;;;
;;;;;;;;;;;;
;;;;;;;;;;;;
;;;;;;;;;;;;
;;;;;;;;;;;;
;;;;;;;;;;;;
;;;;;;;;;;;;
;;;;;;;;;;;;
;;;;;;;;;;;;
;;;;;;;;;;;;
;;;;;;;;;;;;
;;;;;;;;;;;;
;;;;;;;;;;;;
;;;;;;;;;;;;
;;;;;;;;;;;;
;;;;;;;;;;;;
;;;;;;;;;;;;
;;;;;;;;;;;;
;;;;;;;;;;;;
;;;;;;;;;;;;
;;;;;;;;;;;;
;;;;;;;;;;;;
;;;;;;;;;;;;
;;;;;;;;;;;;
;;;;;;;;;;;;
;;;;;;;;;;;;
;;;;;;;;;;;;
;;;;;;;;;;;;
;;;;;;;;;;;;
;;;;;;;;;;;;
;;;;;;;;;;;;
;;;;;;;;;;;;
;;;;;;;;;;;;
;;;;;;;;;;;;
;;;;;;;;;;;;
;;;;;;;;;;;;
;;;;;;;;;;;;
;;;;;;;;;;;;
;;;;;;;;;;;;
;;;;;;;;;;;;
;;;;;;;;;;;;
;;;;;;;;;;;;
;;;;;;;;;;;;
;;;;;;;;;;;;
;;;;;;;;;;;;
;;;;;;;;;;;;
;;;;;;;;;;;;
;;;;;;;;;;;;
;;;;;;;;;;;;
;;;;;;;;;;;;
;;;;;;;;;;;;
;;;;;;;;;;;;
;;;;;;;;;;;;
;;;;;;;;;;;;
;;;;;;;;;;;;
;;;;;;;;;;;;
;;;;;;;;;;;;
;;;;;;;;;;;;
;;;;;;;;;;;;
;;;;;;;;;;;;
;;;;;;;;;;;;
;;;;;;;;;;;;
;;;;;;;;;;;;
;;;;;;;;;;;;
;;;;;;;;;;;;
;;;;;;;;;;;;
;;;;;;;;;;;;
;;;;;;;;;;;;
;;;;;;;;;;;;
;;;;;;;;;;;;
;;;;;;;;;;;;
;;;;;;;;;;;;
;;;;;;;;;;;;
;;;;;;;;;;;;
;;;;;;;;;;;;
;;;;;;;;;;;;
;;;;;;;;;;;;
;;;;;;;;;;;;
;;;;;;;;;;;;
;;;;;;;;;;;;
;;;;;;;;;;;;
;;;;;;;;;;;;
;;;;;;;;;;;;
;;;;;;;;;;;;
;;;;;;;;;;;;
;;;;;;;;;;;;
;;;;;;;;;;;;
;;;;;;;;;;;;
;;;;;;;;;;;;
;;;;;;;;;;;;
;;;;;;;;;;;;
;;;;;;;;;;;;
;;;;;;;;;;;;
;;;;;;;;;;;;
;;;;;;;;;;;;
;;;;;;;;;;;;
;;;;;;;;;;;;
;;;;;;;;;;;;
;;;;;;;;;;;;
;;;;;;;;;;;;
;;;;;;;;;;;;
;;;;;;;;;;;;
;;;;;;;;;;;;
;;;;;;;;;;;;
;;;;;;;;;;;;
;;;;;;;;;;;;
;;;;;;;;;;;;
;;;;;;;;;;;;
;;;;;;;;;;;;
;;;;;;;;;;;;
;;;;;;;;;;;;
;;;;;;;;;;;;
;;;;;;;;;;;;
;;;;;;;;;;;;
;;;;;;;;;;;;
;;;;;;;;;;;;
;;;;;;;;;;;;
;;;;;;;;;;;;
;;;;;;;;;;;;
;;;;;;;;;;;;
;;;;;;;;;;;;
;;;;;;;;;;;;
;;;;;;;;;;;;
;;;;;;;;;;;;
;;;;;;;;;;;;
;;;;;;;;;;;;
;;;;;;;;;;;;
;;;;;;;;;;;;
;;;;;;;;;;;;
;;;;;;;;;;;;
;;;;;;;;;;;;
;;;;;;;;;;;;
;;;;;;;;;;;;
;;;;;;;;;;;;
;;;;;;;;;;;;
;;;;;;;;;;;;
;;;;;;;;;;;;
;;;;;;;;;;;;
;;;;;;;;;;;;
;;;;;;;;;;;;
;;;;;;;;;;;;
;;;;;;;;;;;;
;;;;;;;;;;;;
;;;;;;;;;;;;
;;;;;;;;;;;;
;;;;;;;;;;;;
;;;;;;;;;;;;
;;;;;;;;;;;;
;;;;;;;;;;;;
;;;;;;;;;;;;
;;;;;;;;;;;;
;;;;;;;;;;;;
;;;;;;;;;;;;
;;;;;;;;;;;;
;;;;;;;;;;;;
;;;;;;;;;;;;
;;;;;;;;;;;;
;;;;;;;;;;;;
;;;;;;;;;;;;
;;;;;;;;;;;;
;;;;;;;;;;;;
;;;;;;;;;;;;
;;;;;;;;;;;;
;;;;;;;;;;;;
;;;;;;;;;;;;
;;;;;;;;;;;;
;;;;;;;;;;;;
;;;;;;;;;;;;
;;;;;;;;;;;;
;;;;;;;;;;;;
;;;;;;;;;;;;
;;;;;;;;;;;;
;;;;;;;;;;;;